Entry_type,Case_identifier,Activity,Timestamp,Resource,Start_time,Duration,Result,Quality
ENVIRONMENT,,9 tasks loaded,2023-01-03T07:56:22,task.TaskSetArtifact,,,,
MANAGEMENT,,Agent started,2023-01-03T07:56:25,monitoring_agent,,,,
MANAGEMENT,,"Unspecified agent type, no learning of initial knowledge",2023-01-03T07:56:25,monitoring_agent,,,,
MANAGEMENT,,Agent started,2023-01-03T07:57:49,hta,,,,
MANAGEMENT,,Agent started,2023-01-03T07:57:49,hsa,,,,
MANAGEMENT,,Agent started,2023-01-03T07:57:49,csa,,,,
MANAGEMENT,,Loading initial knowledge,2023-01-03T07:57:49,hta,,,,
MANAGEMENT,,Loading initial knowledge,2023-01-03T07:57:50,hsa,,,,
MANAGEMENT,,Loading initial knowledge,2023-01-03T07:57:50,csa,,,,
MANAGEMENT,,Domain knowledge learned (Client is unidentified),2023-01-03T07:57:51,hta,,,SUCCESS,
MANAGEMENT,,Domain knowledge learned (Client is unidentified),2023-01-03T07:57:51,csa,,,SUCCESS,
MANAGEMENT,,Domain knowledge learned (Client is unidentified),2023-01-03T07:57:51,hsa,,,SUCCESS,
MANAGEMENT,,Domain knowledge learned (Affected service unknown),2023-01-03T07:57:52,hta,,,SUCCESS,
MANAGEMENT,,Domain knowledge learned (Affected service unknown),2023-01-03T07:57:53,csa,,,SUCCESS,
MANAGEMENT,,Domain knowledge learned (User device version unchecked),2023-01-03T07:57:53,hta,,,SUCCESS,
MANAGEMENT,,Domain knowledge learned (Affected service unknown),2023-01-03T07:57:53,hsa,,,SUCCESS,
MANAGEMENT,,Domain knowledge learned (Provider knowledge-base unchecked),2023-01-03T07:57:53,csa,,,SUCCESS,
MANAGEMENT,,Domain knowledge learned (Device update required),2023-01-03T07:57:54,hta,,,SUCCESS,
MANAGEMENT,,Domain knowledge learned (User device version unchecked),2023-01-03T07:57:54,hsa,,,SUCCESS,
MANAGEMENT,,Domain knowledge learned (Wrong provider-side setting X),2023-01-03T07:57:54,csa,,,SUCCESS,
MANAGEMENT,,Domain knowledge learned (Provider knowledge-base unchecked),2023-01-03T07:57:54,hta,,,SUCCESS,
MANAGEMENT,,Domain knowledge learned (Device update required),2023-01-03T07:57:54,hsa,,,SUCCESS,
MANAGEMENT,,Domain knowledge learned (Wrong provider-side setting X),2023-01-03T07:57:55,hta,,,SUCCESS,
MANAGEMENT,,Domain knowledge learned (No problem symptoms anymore),2023-01-03T07:57:55,csa,,,SUCCESS,
MANAGEMENT,,Domain knowledge learned (No problem symptoms anymore),2023-01-03T07:57:56,hta,,,SUCCESS,
MANAGEMENT,,Domain knowledge learned (Provider knowledge-base unchecked),2023-01-03T07:57:56,hsa,,,SUCCESS,
MANAGEMENT,,Domain knowledge learned (Wrong provider-side setting X),2023-01-03T07:57:56,hsa,,,SUCCESS,
MANAGEMENT,,Domain knowledge learned (No problem symptoms anymore),2023-01-03T07:57:57,hsa,,,SUCCESS,
MANAGEMENT,,Starting break,2023-01-03T07:57:57,hsa,,,,
ENVIRONMENT,task_0001,New task: Customer modem software issue,2023-01-03T08:00:01,task.TaskArtifact,,,,
ENVIRONMENT,task_0001,New situation: Client is unidentified,2023-01-03T08:00:01,task.TaskArtifact,,,,
MANAGEMENT,task_0001,Refocusing on task,2023-01-03T08:00:01,csa,,,,
DOMAIN,task_0001,Initiating task evaluation,2023-01-03T08:00:01,csa,,,,
DOMAIN,task_0001,Evaluated situations,2023-01-03T08:00:02,csa,2023-01-03T08:00:01,0.780,"[""Client is unidentified""]",
MANAGEMENT,task_0001,Initiating operation: Identify client,2023-01-03T08:00:02,csa,,,,
DOMAIN,task_0001,Identify client,2023-01-03T08:00:48,csa,2023-01-03T08:00:02,46.020,QUALITY BELOW MINIMUM OF 0.95,0.940
DOMAIN,task_0001,Initiating task evaluation,2023-01-03T08:00:49,csa,,,,
DOMAIN,task_0001,Evaluated situations,2023-01-03T08:00:49,csa,2023-01-03T08:00:48,1.170,"[""Client is unidentified""]",
MANAGEMENT,task_0001,Initiating operation: Identify client,2023-01-03T08:00:49,csa,,,,
ENVIRONMENT,task_0001,New situation: Client known,2023-01-03T08:01:35,task.TaskArtifact,,,,
ENVIRONMENT,task_0001,New situation: Affected service unknown,2023-01-03T08:01:35,task.TaskArtifact,,,,
DOMAIN,task_0001,Identify client,2023-01-03T08:01:35,csa,2023-01-03T08:00:49,46.280,SUCCESS,0.975
DOMAIN,task_0001,Initiating task evaluation,2023-01-03T08:01:35,csa,,,,
DOMAIN,task_0001,Evaluated situations,2023-01-03T08:01:36,csa,2023-01-03T08:01:35,1.690,"[""Affected service unknown""]",
MANAGEMENT,task_0001,Initiating operation: Identify affected service,2023-01-03T08:01:37,csa,,,,
ENVIRONMENT,task_0001,New situation: Internet service affected,2023-01-03T08:02:07,task.TaskArtifact,,,,
ENVIRONMENT,task_0001,New situation: Customer-side device status unclear,2023-01-03T08:02:07,task.TaskArtifact,,,,
ENVIRONMENT,task_0001,New situation: Provider-side connection unchecked,2023-01-03T08:02:07,task.TaskArtifact,,,,
DOMAIN,task_0001,Identify affected service,2023-01-03T08:02:08,csa,2023-01-03T08:01:37,31.070,SUCCESS,0.959
MANAGEMENT,task_0001,"Adding to blackboard: ha_help_required with details [csa,""task_0001""]",2023-01-03T08:02:08,csa,,,,
BLACKBOARD,,Checking # of requests: HA help required,2023-01-03T08:02:08,monitoring_agent,,,1,
MANAGEMENT,,Waiting time,2023-01-03T08:02:09,hsa,2023-01-03T07:57:57,251.940,,
MANAGEMENT,task_0001,Refocusing on task,2023-01-03T08:02:09,hsa,,,,
MANAGEMENT,,Simulate learning (Customer-side device status unclear: Ask customer status of network connection LED),2023-01-03T08:02:29,hsa,,,,
MANAGEMENT,,Domain knowledge learned (Customer-side device status unclear),2023-01-03T08:03:30,hsa,2023-01-03T08:02:29,60.710,SUCCESS,
MANAGEMENT,task_0001,Initiating operation: Ask customer status of network connection LED,2023-01-03T08:03:30,hsa,,,,
ENVIRONMENT,task_0001,New situation: Network connection LED is yellow,2023-01-03T08:04:30,task.TaskArtifact,,,,
DOMAIN,task_0001,Ask customer status of network connection LED,2023-01-03T08:04:30,hsa,2023-01-03T08:03:29,60.840,SUCCESS,1.000
MANAGEMENT,,"Adding to blackboard: csa_teaching_required with details [""csa"",""Customer-side device status unclear"",""Ask customer status of network connection LED""]",2023-01-03T08:04:30,hsa,,,,
BLACKBOARD,,Checking # of requests: CSA teaching required,2023-01-03T08:04:30,monitoring_agent,,,1,
MANAGEMENT,,Simulate learning (Customer-side device status unclear: Ask customer status of network connection LED),2023-01-03T08:04:31,hta,,,,
DOMAIN,task_0001,Reevaluating task with current knowledge,2023-01-03T08:04:31,csa,,,,
MANAGEMENT,task_0001,CA not able to take task back,2023-01-03T08:04:31,hsa,,,,
MANAGEMENT,,Simulate learning (Provider-side connection unchecked: Check provider-side connection),2023-01-03T08:04:32,hsa,,,,
MANAGEMENT,,Domain knowledge learned (Customer-side device status unclear),2023-01-03T08:05:31,hta,2023-01-03T08:04:30,61.100,SUCCESS,
MANAGEMENT,,Initiated teaching of 'Customer-side device status unclear'/'Ask customer status of network connection LED',2023-01-03T08:05:31,hta,,,,
MANAGEMENT,,Domain knowledge learned (Provider-side connection unchecked),2023-01-03T08:06:32,hsa,2023-01-03T08:04:32,120.510,SUCCESS,
MANAGEMENT,task_0001,Initiating operation: Check provider-side connection,2023-01-03T08:06:32,hsa,,,,
ENVIRONMENT,task_0001,New situation: Provider-side connection OK,2023-01-03T08:21:33,task.TaskArtifact,,,,
ENVIRONMENT,task_0001,New situation: User device version unchecked,2023-01-03T08:21:33,task.TaskArtifact,,,,
DOMAIN,task_0001,Check provider-side connection,2023-01-03T08:21:33,hsa,2023-01-03T08:06:32,901.030,SUCCESS,1.000
MANAGEMENT,,"Adding to blackboard: csa_teaching_required with details [""csa"",""Provider-side connection unchecked"",""Check provider-side connection""]",2023-01-03T08:21:33,hsa,,,,
BLACKBOARD,,Checking # of requests: CSA teaching required,2023-01-03T08:21:33,monitoring_agent,,,2,
DOMAIN,task_0001,Reevaluating task with current knowledge,2023-01-03T08:21:33,csa,,,,
MANAGEMENT,task_0001,CA not able to take task back,2023-01-03T08:21:33,hsa,,,,
MANAGEMENT,task_0001,Initiating operation: Check known device software issues,2023-01-03T08:21:33,hsa,,,,
ENVIRONMENT,task_0001,New situation: Known software issue,2023-01-03T08:31:34,task.TaskArtifact,,,,
ENVIRONMENT,task_0001,New situation: Device update required,2023-01-03T08:31:34,task.TaskArtifact,,,,
DOMAIN,task_0001,Check known device software issues,2023-01-03T08:31:34,hsa,2023-01-03T08:21:33,601.120,SUCCESS,1.000
MANAGEMENT,,"Adding to blackboard: csa_teaching_required with details [""csa"",""User device version unchecked"",""Check known device software issues""]",2023-01-03T08:31:34,hsa,,,,
BLACKBOARD,,Checking # of requests: CSA teaching required,2023-01-03T08:31:34,monitoring_agent,,,3,
DOMAIN,task_0001,Reevaluating task with current knowledge,2023-01-03T08:31:34,csa,,,,
MANAGEMENT,task_0001,CA not able to take task back,2023-01-03T08:31:35,hsa,,,,
MANAGEMENT,task_0001,Initiating operation: Trigger remote device update,2023-01-03T08:31:35,hsa,,,,
MANAGEMENT,,Teaching of 'Customer-side device status unclear'/'Ask customer status of network connection LED',2023-01-03T08:35:31,hta,2023-01-03T08:05:31,1800.500,SUCCESS,
MANAGEMENT,,Domain knowledge learned (Customer-side device status unclear),2023-01-03T08:35:31,csa,,,SUCCESS,
MANAGEMENT,,"Removing from blackboard: csa_teaching_required with details [""csa"",""Customer-side device status unclear"",""Ask customer status of network connection LED""]",2023-01-03T08:35:31,hta,,,,
BLACKBOARD,,Checking # of requests: CSA teaching required,2023-01-03T08:35:31,monitoring_agent,,,2,
DOMAIN,task_0001,Reevaluating task with current knowledge,2023-01-03T08:35:31,csa,,,,
MANAGEMENT,task_0001,CA not able to take task back,2023-01-03T08:35:32,hta,,,,
MANAGEMENT,,Simulate learning (Provider-side connection unchecked: Check provider-side connection),2023-01-03T08:36:44,hta,,,,
MANAGEMENT,,Domain knowledge learned (Provider-side connection unchecked),2023-01-03T08:38:44,hta,2023-01-03T08:36:43,121.030,SUCCESS,
MANAGEMENT,,Initiated teaching of 'Provider-side connection unchecked'/'Check provider-side connection',2023-01-03T08:38:44,hta,,,,
ENVIRONMENT,task_0001,New situation: No problem symptoms anymore,2023-01-03T08:41:36,task.TaskArtifact,,,,
DOMAIN,task_0001,Trigger remote device update,2023-01-03T08:41:36,hsa,2023-01-03T08:31:35,601.250,SUCCESS,1.000
MANAGEMENT,,"Adding to blackboard: csa_teaching_required with details [""csa"",""Device update required"",""Trigger remote device update""]",2023-01-03T08:41:36,hsa,,,,
BLACKBOARD,,Checking # of requests: CSA teaching required,2023-01-03T08:41:36,monitoring_agent,,,3,
DOMAIN,task_0001,Reevaluating task with current knowledge,2023-01-03T08:41:36,csa,,,,
DOMAIN,task_0001,Initiating task evaluation,2023-01-03T08:41:36,csa,,,,
DOMAIN,task_0001,Evaluated situations,2023-01-03T08:41:36,csa,2023-01-03T08:41:36,0.650,"[""No problem symptoms anymore""]",
MANAGEMENT,task_0001,"Removing from blackboard: ha_help_required with details [""csa"",""task_0001""]",2023-01-03T08:41:36,hsa,,,,
MANAGEMENT,task_0001,Handed over task back to CA,2023-01-03T08:41:36,hsa,,,,
BLACKBOARD,,Checking # of requests: HA help required,2023-01-03T08:41:36,monitoring_agent,,,0,
DOMAIN,task_0001,Initiating task evaluation,2023-01-03T08:41:37,csa,,,,
DOMAIN,task_0001,Evaluated situations,2023-01-03T08:41:37,csa,2023-01-03T08:41:36,0.130,"[""No problem symptoms anymore""]",
MANAGEMENT,task_0001,Initiating operation: Confirm successful closure,2023-01-03T08:41:37,csa,,,,
ENVIRONMENT,task_0001,Disposed: Customer modem software issue,2023-01-03T08:42:07,task.TaskArtifact,2023-01-03T08:00:00,2526.810,COMPLETED,0.878
DOMAIN,task_0001,Confirm successful closure,2023-01-03T08:42:07,csa,2023-01-03T08:41:36,30.550,SUCCESS,1.000
MANAGEMENT,task_0001,"Removing from blackboard: ha_help_required with details [""csa"",""task_0001""]",2023-01-03T08:43:46,hsa,,,,
MANAGEMENT,,Starting break,2023-01-03T08:43:46,hsa,,,,
ENVIRONMENT,task_0002,New task: Customer modem software issue,2023-01-03T08:55:30,task.TaskArtifact,,,,
ENVIRONMENT,task_0002,New situation: Client is unidentified,2023-01-03T08:55:30,task.TaskArtifact,,,,
MANAGEMENT,task_0002,Refocusing on task,2023-01-03T08:55:30,csa,,,,
DOMAIN,task_0002,Initiating task evaluation,2023-01-03T08:55:30,csa,,,,
DOMAIN,task_0002,Evaluated situations,2023-01-03T08:55:30,csa,2023-01-03T08:55:30,0.260,"[""Client is unidentified""]",
MANAGEMENT,task_0002,Initiating operation: Identify client,2023-01-03T08:55:30,csa,,,,
ENVIRONMENT,task_0002,New situation: Client known,2023-01-03T08:56:16,task.TaskArtifact,,,,
ENVIRONMENT,task_0002,New situation: Affected service unknown,2023-01-03T08:56:16,task.TaskArtifact,,,,
DOMAIN,task_0002,Identify client,2023-01-03T08:56:16,csa,2023-01-03T08:55:30,45.890,SUCCESS,0.965
DOMAIN,task_0002,Initiating task evaluation,2023-01-03T08:56:16,csa,,,,
DOMAIN,task_0002,Evaluated situations,2023-01-03T08:56:17,csa,2023-01-03T08:56:15,1.950,"[""Affected service unknown""]",
MANAGEMENT,task_0002,Initiating operation: Identify affected service,2023-01-03T08:56:17,csa,,,,
ENVIRONMENT,task_0002,New situation: Internet service affected,2023-01-03T08:56:48,task.TaskArtifact,,,,
ENVIRONMENT,task_0002,New situation: Customer-side device status unclear,2023-01-03T08:56:48,task.TaskArtifact,,,,
ENVIRONMENT,task_0002,New situation: Provider-side connection unchecked,2023-01-03T08:56:48,task.TaskArtifact,,,,
DOMAIN,task_0002,Identify affected service,2023-01-03T08:56:48,csa,2023-01-03T08:56:17,30.680,SUCCESS,0.963
DOMAIN,task_0002,Initiating task evaluation,2023-01-03T08:56:48,csa,,,,
DOMAIN,task_0002,Evaluated situations,2023-01-03T08:56:50,csa,2023-01-03T08:56:48,2.340,"[""Customer-side device status unclear""]",
MANAGEMENT,task_0002,Initiating operation: Ask customer status of network connection LED,2023-01-03T08:56:50,csa,,,,
ENVIRONMENT,task_0002,New situation: Network connection LED is yellow,2023-01-03T08:57:51,task.TaskArtifact,,,,
DOMAIN,task_0002,Ask customer status of network connection LED,2023-01-03T08:57:51,csa,2023-01-03T08:56:50,61.360,SUCCESS,0.912
MANAGEMENT,task_0002,"Adding to blackboard: ha_help_required with details [csa,""task_0002""]",2023-01-03T08:57:51,csa,,,,
BLACKBOARD,,Checking # of requests: HA help required,2023-01-03T08:57:51,monitoring_agent,,,1,
MANAGEMENT,,Waiting time,2023-01-03T08:57:52,hsa,2023-01-03T08:43:46,846.040,,
MANAGEMENT,task_0002,Refocusing on task,2023-01-03T08:57:52,hsa,,,,
MANAGEMENT,task_0002,Initiating operation: Check provider-side connection,2023-01-03T08:58:13,hsa,,,,
ENVIRONMENT,task_0003,New task: Customer modem software issue,2023-01-03T09:05:30,task.TaskArtifact,,,,
ENVIRONMENT,task_0003,New situation: Client is unidentified,2023-01-03T09:05:30,task.TaskArtifact,,,,
MANAGEMENT,task_0003,Refocusing on task,2023-01-03T09:05:30,csa,,,,
DOMAIN,task_0003,Initiating task evaluation,2023-01-03T09:05:30,csa,,,,
DOMAIN,task_0003,Evaluated situations,2023-01-03T09:05:30,csa,2023-01-03T09:05:30,0.390,"[""Client is unidentified""]",
MANAGEMENT,task_0003,Initiating operation: Identify client,2023-01-03T09:05:31,csa,,,,
ENVIRONMENT,task_0003,New situation: Client known,2023-01-03T09:06:16,task.TaskArtifact,,,,
ENVIRONMENT,task_0003,New situation: Affected service unknown,2023-01-03T09:06:16,task.TaskArtifact,,,,
DOMAIN,task_0003,Identify client,2023-01-03T09:06:16,csa,2023-01-03T09:05:30,46.150,SUCCESS,0.950
DOMAIN,task_0003,Initiating task evaluation,2023-01-03T09:06:16,csa,,,,
DOMAIN,task_0003,Evaluated situations,2023-01-03T09:06:18,csa,2023-01-03T09:06:15,2.210,"[""Affected service unknown""]",
MANAGEMENT,task_0003,Initiating operation: Identify affected service,2023-01-03T09:06:18,csa,,,,
ENVIRONMENT,task_0003,New situation: Internet service affected,2023-01-03T09:06:48,task.TaskArtifact,,,,
ENVIRONMENT,task_0003,New situation: Customer-side device status unclear,2023-01-03T09:06:48,task.TaskArtifact,,,,
ENVIRONMENT,task_0003,New situation: Provider-side connection unchecked,2023-01-03T09:06:48,task.TaskArtifact,,,,
DOMAIN,task_0003,Identify affected service,2023-01-03T09:06:49,csa,2023-01-03T09:06:18,31.070,SUCCESS,0.951
DOMAIN,task_0003,Initiating task evaluation,2023-01-03T09:06:49,csa,,,,
DOMAIN,task_0003,Evaluated situations,2023-01-03T09:06:51,csa,2023-01-03T09:06:48,2.990,"[""Customer-side device status unclear""]",
MANAGEMENT,task_0003,Initiating operation: Ask customer status of network connection LED,2023-01-03T09:06:51,csa,,,,
ENVIRONMENT,task_0003,New situation: Network connection LED is yellow,2023-01-03T09:07:51,task.TaskArtifact,,,,
DOMAIN,task_0003,Ask customer status of network connection LED,2023-01-03T09:07:51,csa,2023-01-03T09:06:51,60.450,SUCCESS,0.938
MANAGEMENT,task_0003,"Adding to blackboard: ha_help_required with details [csa,""task_0003""]",2023-01-03T09:07:52,csa,,,,
BLACKBOARD,,Checking # of requests: HA help required,2023-01-03T09:07:52,monitoring_agent,,,2,
MANAGEMENT,,Teaching of 'Provider-side connection unchecked'/'Check provider-side connection',2023-01-03T09:08:44,hta,2023-01-03T08:38:43,1801.020,SUCCESS,
MANAGEMENT,,Domain knowledge learned (Provider-side connection unchecked),2023-01-03T09:08:45,csa,,,SUCCESS,
MANAGEMENT,,"Removing from blackboard: csa_teaching_required with details [""csa"",""Provider-side connection unchecked"",""Check provider-side connection""]",2023-01-03T09:08:45,hta,,,,
BLACKBOARD,,Checking # of requests: CSA teaching required,2023-01-03T09:08:45,monitoring_agent,,,2,
DOMAIN,task_0003,Reevaluating task with current knowledge,2023-01-03T09:08:45,csa,,,,
DOMAIN,task_0003,Initiating task evaluation,2023-01-03T09:08:45,csa,,,,
DOMAIN,task_0003,Evaluated situations,2023-01-03T09:08:47,csa,2023-01-03T09:08:44,2.730,"[""Provider-side connection unchecked""]",
MANAGEMENT,task_0003,"Removing from blackboard: ha_help_required with details [""csa"",""task_0003""]",2023-01-03T09:08:47,hta,,,,
MANAGEMENT,task_0003,Handed over task back to CA,2023-01-03T09:08:47,hta,,,,
BLACKBOARD,,Checking # of requests: HA help required,2023-01-03T09:08:47,monitoring_agent,,,1,
DOMAIN,task_0003,Initiating task evaluation,2023-01-03T09:08:47,csa,,,,
DOMAIN,task_0003,Evaluated situations,2023-01-03T09:08:50,csa,2023-01-03T09:08:47,2.470,"[""Provider-side connection unchecked""]",
MANAGEMENT,task_0002,Refocusing on task,2023-01-03T09:08:50,csa,,,,
DOMAIN,task_0002,Reevaluating task with current knowledge,2023-01-03T09:08:50,csa,,,,
DOMAIN,task_0002,Initiating task evaluation,2023-01-03T09:08:50,csa,,,,
DOMAIN,task_0002,Evaluated situations,2023-01-03T09:08:52,csa,2023-01-03T09:08:49,3.120,"[""Provider-side connection unchecked""]",
MANAGEMENT,task_0003,Initiating operation: Check provider-side connection,2023-01-03T09:08:52,csa,,,,
MANAGEMENT,task_0002,"Removing from blackboard: ha_help_required with details [""csa"",""task_0002""]",2023-01-03T09:08:52,hta,,,,
MANAGEMENT,task_0002,Handed over task back to CA,2023-01-03T09:08:52,hta,,,,
BLACKBOARD,,Checking # of requests: HA help required,2023-01-03T09:08:52,monitoring_agent,,,0,
DOMAIN,task_0002,Initiating task evaluation,2023-01-03T09:08:52,csa,,,,
DOMAIN,task_0002,Evaluated situations,2023-01-03T09:08:54,csa,2023-01-03T09:08:52,2.470,"[""Provider-side connection unchecked""]",
MANAGEMENT,task_0002,Initiating operation: Check provider-side connection,2023-01-03T09:08:54,csa,,,,
ENVIRONMENT,task_0003,New situation: Provider-side connection OK,2023-01-03T09:09:03,task.TaskArtifact,,,,
ENVIRONMENT,task_0003,New situation: User device version unchecked,2023-01-03T09:09:03,task.TaskArtifact,,,,
DOMAIN,task_0003,Check provider-side connection,2023-01-03T09:09:03,csa,2023-01-03T09:08:52,10.790,SUCCESS,1.000
MANAGEMENT,task_0003,Refocusing on task,2023-01-03T09:09:03,csa,,,,
MANAGEMENT,task_0003,"Adding to blackboard: ha_help_required with details [csa,""task_0003""]",2023-01-03T09:09:03,csa,,,,
BLACKBOARD,,Checking # of requests: HA help required,2023-01-03T09:09:03,monitoring_agent,,,1,
ENVIRONMENT,task_0002,New situation: Provider-side connection OK,2023-01-03T09:09:05,task.TaskArtifact,,,,
ENVIRONMENT,task_0002,New situation: User device version unchecked,2023-01-03T09:09:05,task.TaskArtifact,,,,
DOMAIN,task_0002,Check provider-side connection,2023-01-03T09:09:05,csa,2023-01-03T09:08:54,10.660,SUCCESS,1.000
MANAGEMENT,task_0002,Refocusing on task,2023-01-03T09:09:05,csa,,,,
MANAGEMENT,task_0002,"Adding to blackboard: ha_help_required with details [csa,""task_0002""]",2023-01-03T09:09:05,csa,,,,
BLACKBOARD,,Checking # of requests: HA help required,2023-01-03T09:09:05,monitoring_agent,,,2,
MANAGEMENT,,Unable to teach csa new situation (User device version unchecked),2023-01-03T09:10:06,hta,,,,
MANAGEMENT,,"Removing from blackboard: csa_teaching_required with details [""csa"",""User device version unchecked"",""Check known device software issues""]",2023-01-03T09:10:06,hta,,,,
BLACKBOARD,,Checking # of requests: CSA teaching required,2023-01-03T09:10:06,monitoring_agent,,,1,
DOMAIN,task_0002,Reevaluating task with current knowledge,2023-01-03T09:10:06,csa,,,,
MANAGEMENT,task_0002,CA not able to take task back,2023-01-03T09:10:06,hta,,,,
MANAGEMENT,task_0003,Refocusing on task,2023-01-03T09:10:06,csa,,,,
DOMAIN,task_0003,Reevaluating task with current knowledge,2023-01-03T09:10:06,csa,,,,
MANAGEMENT,task_0003,CA not able to take task back,2023-01-03T09:10:07,hta,,,,
MANAGEMENT,,Initiated teaching of 'Device update required'/'Trigger remote device update',2023-01-03T09:11:02,hta,,,,
DOMAIN,task_0002,Check provider-side connection,2023-01-03T09:13:13,hsa,2023-01-03T08:58:12,900.640,SUCCESS,1.000
MANAGEMENT,,"Adding to blackboard: csa_teaching_required with details [""csa"",""Provider-side connection unchecked"",""Check provider-side connection""]",2023-01-03T09:13:13,hsa,,,,
BLACKBOARD,,Checking # of requests: CSA teaching required,2023-01-03T09:13:13,monitoring_agent,,,2,
MANAGEMENT,task_0002,Refocusing on task,2023-01-03T09:13:13,csa,,,,
DOMAIN,task_0002,Reevaluating task with current knowledge,2023-01-03T09:13:13,csa,,,,
MANAGEMENT,task_0002,CA not able to take task back,2023-01-03T09:13:14,hsa,,,,
MANAGEMENT,task_0002,Initiating operation: Check known device software issues,2023-01-03T09:13:14,hsa,,,,
ENVIRONMENT,task_0002,New situation: Known software issue,2023-01-03T09:23:14,task.TaskArtifact,,,,
ENVIRONMENT,task_0002,New situation: Device update required,2023-01-03T09:23:14,task.TaskArtifact,,,,
DOMAIN,task_0002,Check known device software issues,2023-01-03T09:23:14,hsa,2023-01-03T09:13:13,601.250,SUCCESS,1.000
MANAGEMENT,,"Adding to blackboard: csa_teaching_required with details [""csa"",""User device version unchecked"",""Check known device software issues""]",2023-01-03T09:23:14,hsa,,,,
BLACKBOARD,,Checking # of requests: CSA teaching required,2023-01-03T09:23:14,monitoring_agent,,,3,
DOMAIN,task_0002,Reevaluating task with current knowledge,2023-01-03T09:23:15,csa,,,,
MANAGEMENT,task_0002,CA not able to take task back,2023-01-03T09:23:15,hsa,,,,
MANAGEMENT,task_0002,Initiating operation: Trigger remote device update,2023-01-03T09:23:15,hsa,,,,
ENVIRONMENT,task_0003,Situation timeout: User device version unchecked,2023-01-03T09:24:03,task.TaskArtifact,,,,
ENVIRONMENT,task_0003,Disposed: Customer modem software issue,2023-01-03T09:24:03,task.TaskArtifact,2023-01-03T09:05:30,1112.540,TIMEOUT,0.847
ENVIRONMENT,task_0002,New situation: No problem symptoms anymore,2023-01-03T09:33:16,task.TaskArtifact,,,,
DOMAIN,task_0002,Trigger remote device update,2023-01-03T09:33:16,hsa,2023-01-03T09:23:15,600.990,SUCCESS,1.000
MANAGEMENT,,"Adding to blackboard: csa_teaching_required with details [""csa"",""Device update required"",""Trigger remote device update""]",2023-01-03T09:33:16,hsa,,,,
DOMAIN,task_0002,Reevaluating task with current knowledge,2023-01-03T09:33:16,csa,,,,
DOMAIN,task_0002,Initiating task evaluation,2023-01-03T09:33:16,csa,,,,
DOMAIN,task_0002,Evaluated situations,2023-01-03T09:33:16,csa,2023-01-03T09:33:16,0.650,"[""No problem symptoms anymore""]",
MANAGEMENT,task_0002,"Removing from blackboard: ha_help_required with details [""csa"",""task_0002""]",2023-01-03T09:33:16,hsa,,,,
MANAGEMENT,task_0002,Handed over task back to CA,2023-01-03T09:33:16,hsa,,,,
BLACKBOARD,,Checking # of requests: HA help required,2023-01-03T09:33:16,monitoring_agent,,,1,
DOMAIN,task_0002,Initiating task evaluation,2023-01-03T09:33:16,csa,,,,
DOMAIN,task_0002,Evaluated situations,2023-01-03T09:33:16,csa,2023-01-03T09:33:16,0.910,"[""No problem symptoms anymore""]",
MANAGEMENT,task_0002,Initiating operation: Confirm successful closure,2023-01-03T09:33:17,csa,,,,
ENVIRONMENT,task_0002,Disposed: Customer modem software issue,2023-01-03T09:33:47,task.TaskArtifact,2023-01-03T08:55:30,2297.100,COMPLETED,0.848
DOMAIN,task_0002,Confirm successful closure,2023-01-03T09:33:47,csa,2023-01-03T09:33:17,30.290,SUCCESS,1.000
MANAGEMENT,task_0002,"Removing from blackboard: ha_help_required with details [""csa"",""task_0002""]",2023-01-03T09:35:01,hsa,,,,
MANAGEMENT,,Starting break,2023-01-03T09:35:01,hsa,,,,
MANAGEMENT,,Waiting time,2023-01-03T09:35:01,hsa,2023-01-03T09:35:01,0.130,,
MANAGEMENT,task_0003,Refocusing on task,2023-01-03T09:35:01,hsa,,,,
MANAGEMENT,task_0003,Assisting CSA,2023-01-03T09:35:21,hsa,,,FAILED (Task artefact disappeared),
MANAGEMENT,task_0003,"Removing from blackboard: ha_help_required with details [""csa"",""task_0003""]",2023-01-03T09:35:21,hsa,,,,
BLACKBOARD,,Checking # of requests: HA help required,2023-01-03T09:35:21,monitoring_agent,,,0,
MANAGEMENT,,Starting break,2023-01-03T09:35:21,hsa,,,,
MANAGEMENT,,Teaching of 'Device update required'/'Trigger remote device update',2023-01-03T10:11:02,hta,2023-01-03T09:11:01,3600.740,SUCCESS,
MANAGEMENT,,Domain knowledge learned (Device update required),2023-01-03T10:11:02,csa,,,SUCCESS,
MANAGEMENT,,"Removing from blackboard: csa_teaching_required with details [""csa"",""Device update required"",""Trigger remote device update""]",2023-01-03T10:11:02,hta,,,,
BLACKBOARD,,Checking # of requests: CSA teaching required,2023-01-03T10:11:02,monitoring_agent,,,2,
MANAGEMENT,,Initiated teaching of 'Provider-side connection unchecked'/'Check provider-side connection',2023-01-03T10:19:08,hta,,,,
MANAGEMENT,,Teaching of 'Provider-side connection unchecked'/'Check provider-side connection',2023-01-03T10:49:08,hta,2023-01-03T10:19:08,1800.500,SUCCESS,
MANAGEMENT,,Domain knowledge about situation 'Provider-side connection unchecked' dropped,2023-01-03T10:49:08,csa,,,,
MANAGEMENT,,"Removing from blackboard: csa_teaching_required with details [""csa"",""Provider-side connection unchecked"",""Check provider-side connection""]",2023-01-03T10:49:08,hta,,,,
MANAGEMENT,,Domain knowledge learned (Provider-side connection unchecked),2023-01-03T10:49:08,csa,,,SUCCESS,
BLACKBOARD,,Checking # of requests: CSA teaching required,2023-01-03T10:49:08,monitoring_agent,,,1,
MANAGEMENT,,Unable to teach csa new situation (User device version unchecked),2023-01-03T10:52:16,hta,,,,
MANAGEMENT,,"Removing from blackboard: csa_teaching_required with details [""csa"",""User device version unchecked"",""Check known device software issues""]",2023-01-03T10:52:16,hta,,,,
BLACKBOARD,,Checking # of requests: CSA teaching required,2023-01-03T10:52:16,monitoring_agent,,,0,
ENVIRONMENT,task_0004,New task: Provider setting issue,2023-01-03T11:30:00,task.TaskArtifact,,,,
ENVIRONMENT,task_0004,New situation: Client is unidentified,2023-01-03T11:30:00,task.TaskArtifact,,,,
MANAGEMENT,task_0004,Refocusing on task,2023-01-03T11:30:00,csa,,,,
DOMAIN,task_0004,Initiating task evaluation,2023-01-03T11:30:00,csa,,,,
DOMAIN,task_0004,Evaluated situations,2023-01-03T11:30:00,csa,2023-01-03T11:29:59,0.650,"[""Client is unidentified""]",
MANAGEMENT,task_0004,Initiating operation: Identify client,2023-01-03T11:30:00,csa,,,,
ENVIRONMENT,task_0004,New situation: Client known,2023-01-03T11:30:46,task.TaskArtifact,,,,
ENVIRONMENT,task_0004,New situation: Affected service unknown,2023-01-03T11:30:46,task.TaskArtifact,,,,
DOMAIN,task_0004,Identify client,2023-01-03T11:30:46,csa,2023-01-03T11:29:59,46.150,SUCCESS,0.999
DOMAIN,task_0004,Initiating task evaluation,2023-01-03T11:30:46,csa,,,,
DOMAIN,task_0004,Evaluated situations,2023-01-03T11:30:47,csa,2023-01-03T11:30:45,1.820,"[""Affected service unknown""]",
MANAGEMENT,task_0004,Initiating operation: Identify affected service,2023-01-03T11:30:47,csa,,,,
DOMAIN,task_0004,Identify affected service,2023-01-03T11:31:17,csa,2023-01-03T11:30:46,31.590,QUALITY BELOW MINIMUM OF 0.95,0.945
DOMAIN,task_0004,Initiating task evaluation,2023-01-03T11:31:18,csa,,,,
DOMAIN,task_0004,Evaluated situations,2023-01-03T11:31:19,csa,2023-01-03T11:31:17,2.080,"[""Affected service unknown""]",
MANAGEMENT,task_0004,Initiating operation: Identify affected service,2023-01-03T11:31:19,csa,,,,
ENVIRONMENT,task_0004,New situation: Internet service affected,2023-01-03T11:31:49,task.TaskArtifact,,,,
ENVIRONMENT,task_0004,New situation: Customer-side device status unclear,2023-01-03T11:31:49,task.TaskArtifact,,,,
ENVIRONMENT,task_0004,New situation: Provider-side connection unchecked,2023-01-03T11:31:49,task.TaskArtifact,,,,
ENVIRONMENT,task_0004,New situation: Wireless connection unchecked,2023-01-03T11:31:49,task.TaskArtifact,,,,
DOMAIN,task_0004,Identify affected service,2023-01-03T11:31:49,csa,2023-01-03T11:31:19,30.550,SUCCESS,0.953
DOMAIN,task_0004,Initiating task evaluation,2023-01-03T11:31:49,csa,,,,
DOMAIN,task_0004,Evaluated situations,2023-01-03T11:31:54,csa,2023-01-03T11:31:49,4.940,"[""Provider-side connection unchecked"",""Customer-side device status unclear""]",
MANAGEMENT,task_0004,Initiating operation: Check provider-side connection,2023-01-03T11:31:54,csa,,,,
MANAGEMENT,task_0004,Initiating operation: Ask customer status of network connection LED,2023-01-03T11:31:54,csa,,,,
ENVIRONMENT,task_0004,New situation: Provider-side connection OK,2023-01-03T11:32:04,task.TaskArtifact,,,,
DOMAIN,task_0004,Check provider-side connection,2023-01-03T11:32:04,csa,2023-01-03T11:31:53,10.920,SUCCESS,1.000
DOMAIN,task_0004,Initiating task evaluation,2023-01-03T11:32:04,csa,,,,
DOMAIN,task_0004,Evaluated situations,2023-01-03T11:32:06,csa,2023-01-03T11:32:03,2.860,"[""Customer-side device status unclear""]",
ENVIRONMENT,task_0004,New situation: Network connection LED is yellow,2023-01-03T11:32:54,task.TaskArtifact,,,,
DOMAIN,task_0004,Ask customer status of network connection LED,2023-01-03T11:32:54,csa,2023-01-03T11:31:53,61.230,SUCCESS,0.924
MANAGEMENT,task_0004,"Adding to blackboard: ha_help_required with details [csa,""task_0004""]",2023-01-03T11:32:55,csa,,,,
BLACKBOARD,,Checking # of requests: HA help required,2023-01-03T11:32:55,monitoring_agent,,,1,
MANAGEMENT,,Waiting time,2023-01-03T11:32:55,hsa,2023-01-03T09:35:21,7054.320,,
MANAGEMENT,task_0004,Refocusing on task,2023-01-03T11:32:55,hsa,,,,
MANAGEMENT,task_0004,Initiating operation: Check known device software issues,2023-01-03T11:33:15,hsa,,,,
DOMAIN,task_0004,Check known device software issues,2023-01-03T11:33:15,hsa,2023-01-03T11:33:15,0.390,FAILED (Unexpected operation),
MANAGEMENT,,Domain knowledge about situation 'User device version unchecked' dropped,2023-01-03T11:33:15,hsa,,,,
DOMAIN,task_0004,Reevaluating task with current knowledge,2023-01-03T11:33:15,csa,,,,
MANAGEMENT,task_0004,CA not able to take task back,2023-01-03T11:33:15,hsa,,,,
MANAGEMENT,,Simulate learning (Wireless connection unchecked: Switch to wireless connection),2023-01-03T11:33:16,hsa,,,,
MANAGEMENT,,Domain knowledge learned (Wireless connection unchecked),2023-01-03T11:43:16,hsa,2023-01-03T11:33:16,600.340,SUCCESS,
MANAGEMENT,task_0004,Initiating operation: Switch to wireless connection,2023-01-03T11:43:16,hsa,,,,
ENVIRONMENT,task_0004,New situation: Wireless non-functional,2023-01-03T11:58:17,task.TaskArtifact,,,,
ENVIRONMENT,task_0004,New situation: Extended initial discovery completed,2023-01-03T11:58:17,task.TaskArtifact,,,,
ENVIRONMENT,task_0004,New situation: Provider knowledge-base unchecked,2023-01-03T11:58:17,task.TaskArtifact,,,,
DOMAIN,task_0004,Switch to wireless connection,2023-01-03T11:58:17,hsa,2023-01-03T11:43:15,901.680,SUCCESS,1.000
MANAGEMENT,,"Adding to blackboard: csa_teaching_required with details [""csa"",""Wireless connection unchecked"",""Switch to wireless connection""]",2023-01-03T11:58:17,hsa,,,,
BLACKBOARD,,Checking # of requests: CSA teaching required,2023-01-03T11:58:17,monitoring_agent,,,1,
MANAGEMENT,,Simulate learning (Wireless connection unchecked: Switch to wireless connection),2023-01-03T11:58:17,hta,,,,
DOMAIN,task_0004,Reevaluating task with current knowledge,2023-01-03T11:58:17,csa,,,,
DOMAIN,task_0004,Initiating task evaluation,2023-01-03T11:58:17,csa,,,,
DOMAIN,task_0004,Evaluated situations,2023-01-03T11:58:22,csa,2023-01-03T11:58:17,4.680,"[""Provider knowledge-base unchecked""]",
MANAGEMENT,task_0004,"Removing from blackboard: ha_help_required with details [""csa"",""task_0004""]",2023-01-03T11:58:22,hsa,,,,
MANAGEMENT,task_0004,Handed over task back to CA,2023-01-03T11:58:22,hsa,,,,
BLACKBOARD,,Checking # of requests: HA help required,2023-01-03T11:58:22,monitoring_agent,,,0,
DOMAIN,task_0004,Initiating task evaluation,2023-01-03T11:58:22,csa,,,,
DOMAIN,task_0004,Evaluated situations,2023-01-03T11:58:26,csa,2023-01-03T11:58:21,4.680,"[""Provider knowledge-base unchecked""]",
MANAGEMENT,task_0004,Initiating operation: Check provider knowledge base,2023-01-03T11:58:26,csa,,,,
ENVIRONMENT,task_0004,New situation: Provider-side setting issue,2023-01-03T11:58:34,task.TaskArtifact,,,,
ENVIRONMENT,task_0004,New situation: Wrong provider-side setting X,2023-01-03T11:58:34,task.TaskArtifact,,,,
DOMAIN,task_0004,Check provider knowledge base,2023-01-03T11:58:34,csa,2023-01-03T11:58:25,9.100,SUCCESS,1.000
DOMAIN,task_0004,Initiating task evaluation,2023-01-03T11:58:35,csa,,,,
DOMAIN,task_0004,Evaluated situations,2023-01-03T11:58:37,csa,2023-01-03T11:58:34,3.380,"[""Wrong provider-side setting X""]",
MANAGEMENT,task_0004,Initiating operation: Change setting X on provider side,2023-01-03T11:58:37,csa,,,,
MANAGEMENT,task_0004,"Removing from blackboard: ha_help_required with details [""csa"",""task_0004""]",2023-01-03T11:59:05,hsa,,,,
MANAGEMENT,,Starting break,2023-01-03T11:59:05,hsa,,,,
ENVIRONMENT,task_0004,New situation: Fixed provider-side setting,2023-01-03T11:59:23,task.TaskArtifact,,,,
ENVIRONMENT,task_0004,New situation: No problem symptoms anymore,2023-01-03T11:59:23,task.TaskArtifact,,,,
DOMAIN,task_0004,Change setting X on provider side,2023-01-03T11:59:23,csa,2023-01-03T11:58:37,46.540,SUCCESS,1.000
DOMAIN,task_0004,Initiating task evaluation,2023-01-03T11:59:23,csa,,,,
DOMAIN,task_0004,Evaluated situations,2023-01-03T11:59:23,csa,2023-01-03T11:59:22,0.910,"[""No problem symptoms anymore""]",
MANAGEMENT,task_0004,Initiating operation: Confirm successful closure,2023-01-03T11:59:23,csa,,,,
ENVIRONMENT,task_0004,Disposed: Provider setting issue,2023-01-03T11:59:54,task.TaskArtifact,2023-01-03T11:30:00,1794.130,COMPLETED,0.832
DOMAIN,task_0004,Confirm successful closure,2023-01-03T11:59:54,csa,2023-01-03T11:59:23,30.420,SUCCESS,1.000
MANAGEMENT,,Domain knowledge learned (Wireless connection unchecked),2023-01-03T12:08:18,hta,2023-01-03T11:58:17,600.860,SUCCESS,
MANAGEMENT,,Unable to teach csa new situation (Wireless connection unchecked),2023-01-03T12:08:18,hta,,,,
MANAGEMENT,,"Removing from blackboard: csa_teaching_required with details [""csa"",""Wireless connection unchecked"",""Switch to wireless connection""]",2023-01-03T12:08:18,hta,,,,
BLACKBOARD,,Checking # of requests: CSA teaching required,2023-01-03T12:08:18,monitoring_agent,,,0,
ENVIRONMENT,task_0005,New task: Customer modem software issue v2,2023-01-03T12:20:30,task.TaskArtifact,,,,
ENVIRONMENT,task_0005,New situation: Client is unidentified,2023-01-03T12:20:30,task.TaskArtifact,,,,
MANAGEMENT,task_0005,Refocusing on task,2023-01-03T12:20:30,csa,,,,
DOMAIN,task_0005,Initiating task evaluation,2023-01-03T12:20:30,csa,,,,
DOMAIN,task_0005,Evaluated situations,2023-01-03T12:20:30,csa,2023-01-03T12:20:30,0.780,"[""Client is unidentified""]",
MANAGEMENT,task_0005,Initiating operation: Identify client,2023-01-03T12:20:31,csa,,,,
DOMAIN,task_0005,Identify client,2023-01-03T12:21:16,csa,2023-01-03T12:20:30,46.410,QUALITY BELOW MINIMUM OF 0.95,0.942
DOMAIN,task_0005,Initiating task evaluation,2023-01-03T12:21:16,csa,,,,
DOMAIN,task_0005,Evaluated situations,2023-01-03T12:21:16,csa,2023-01-03T12:21:16,0.520,"[""Client is unidentified""]",
MANAGEMENT,task_0005,Initiating operation: Identify client,2023-01-03T12:21:16,csa,,,,
ENVIRONMENT,task_0005,Disposed: Customer modem software issue v2,2023-01-03T12:22:02,task.TaskArtifact,2023-01-03T12:20:30,91.520,FAILED,0.891
DOMAIN,task_0005,Identify client,2023-01-03T12:22:02,csa,2023-01-03T12:21:16,46.020,QUALITY BELOW MINIMUM OF 0.95,0.947
MANAGEMENT,task_0005,Reviewing task,2023-01-03T12:22:02,csa,,,FAILED (Task artefact disappeared),
ENVIRONMENT,task_0006,New task: Customer modem software issue v2,2023-01-03T13:20:30,task.TaskArtifact,,,,
ENVIRONMENT,task_0006,New situation: Client is unidentified,2023-01-03T13:20:30,task.TaskArtifact,,,,
MANAGEMENT,task_0006,Refocusing on task,2023-01-03T13:20:30,csa,,,,
DOMAIN,task_0006,Initiating task evaluation,2023-01-03T13:20:30,csa,,,,
DOMAIN,task_0006,Evaluated situations,2023-01-03T13:20:30,csa,2023-01-03T13:20:30,0.260,"[""Client is unidentified""]",
MANAGEMENT,task_0006,Initiating operation: Identify client,2023-01-03T13:20:30,csa,,,,
ENVIRONMENT,task_0006,New situation: Client known,2023-01-03T13:21:15,task.TaskArtifact,,,,
ENVIRONMENT,task_0006,New situation: Affected service unknown,2023-01-03T13:21:15,task.TaskArtifact,,,,
DOMAIN,task_0006,Identify client,2023-01-03T13:21:16,csa,2023-01-03T13:20:30,45.760,SUCCESS,0.972
DOMAIN,task_0006,Initiating task evaluation,2023-01-03T13:21:16,csa,,,,
DOMAIN,task_0006,Evaluated situations,2023-01-03T13:21:17,csa,2023-01-03T13:21:15,1.560,"[""Affected service unknown""]",
MANAGEMENT,task_0006,Initiating operation: Identify affected service,2023-01-03T13:21:17,csa,,,,
ENVIRONMENT,task_0006,New situation: Internet service affected,2023-01-03T13:21:47,task.TaskArtifact,,,,
ENVIRONMENT,task_0006,New situation: Customer-side device status unclear,2023-01-03T13:21:47,task.TaskArtifact,,,,
ENVIRONMENT,task_0006,New situation: Provider-side connection unchecked,2023-01-03T13:21:47,task.TaskArtifact,,,,
ENVIRONMENT,task_0006,New situation: Wireless connection unchecked,2023-01-03T13:21:47,task.TaskArtifact,,,,
DOMAIN,task_0006,Identify affected service,2023-01-03T13:21:47,csa,2023-01-03T13:21:16,30.940,SUCCESS,0.988
DOMAIN,task_0006,Initiating task evaluation,2023-01-03T13:21:47,csa,,,,
DOMAIN,task_0006,Evaluated situations,2023-01-03T13:21:52,csa,2023-01-03T13:21:47,4.810,"[""Provider-side connection unchecked"",""Customer-side device status unclear""]",
MANAGEMENT,task_0006,Initiating operation: Check provider-side connection,2023-01-03T13:21:52,csa,,,,
MANAGEMENT,task_0006,Initiating operation: Ask customer status of network connection LED,2023-01-03T13:21:52,csa,,,,
ENVIRONMENT,task_0006,New situation: Provider-side connection OK,2023-01-03T13:22:02,task.TaskArtifact,,,,
DOMAIN,task_0006,Check provider-side connection,2023-01-03T13:22:02,csa,2023-01-03T13:21:52,10.660,SUCCESS,1.000
DOMAIN,task_0006,Initiating task evaluation,2023-01-03T13:22:03,csa,,,,
DOMAIN,task_0006,Evaluated situations,2023-01-03T13:22:05,csa,2023-01-03T13:22:02,2.600,"[""Customer-side device status unclear""]",
ENVIRONMENT,task_0006,New situation: Network connection LED is yellow,2023-01-03T13:22:52,task.TaskArtifact,,,,
DOMAIN,task_0006,Ask customer status of network connection LED,2023-01-03T13:22:52,csa,2023-01-03T13:21:52,60.190,SUCCESS,0.963
MANAGEMENT,task_0006,"Adding to blackboard: ha_help_required with details [csa,""task_0006""]",2023-01-03T13:22:52,csa,,,,
BLACKBOARD,,Checking # of requests: HA help required,2023-01-03T13:22:52,monitoring_agent,,,1,
MANAGEMENT,,Waiting time,2023-01-03T13:22:53,hsa,2023-01-03T11:59:05,5028.400,,
MANAGEMENT,task_0006,Refocusing on task,2023-01-03T13:22:53,hsa,,,,
MANAGEMENT,task_0006,Initiating operation: Switch to wireless connection,2023-01-03T13:23:13,hsa,,,,
ENVIRONMENT,task_0006,New situation: Wireless connection OK,2023-01-03T13:38:14,task.TaskArtifact,,,,
ENVIRONMENT,task_0006,New situation: Extended initial discovery completed,2023-01-03T13:38:14,task.TaskArtifact,,,,
ENVIRONMENT,task_0006,New situation: Provider knowledge-base unchecked,2023-01-03T13:38:14,task.TaskArtifact,,,,
DOMAIN,task_0006,Switch to wireless connection,2023-01-03T13:38:14,hsa,2023-01-03T13:23:13,900.510,SUCCESS,1.000
MANAGEMENT,,"Adding to blackboard: csa_teaching_required with details [""csa"",""Wireless connection unchecked"",""Switch to wireless connection""]",2023-01-03T13:38:14,hsa,,,,
BLACKBOARD,,Checking # of requests: CSA teaching required,2023-01-03T13:38:14,monitoring_agent,,,1,
MANAGEMENT,,Unable to teach csa new situation (Wireless connection unchecked),2023-01-03T13:38:14,hta,,,,
MANAGEMENT,,"Removing from blackboard: csa_teaching_required with details [""csa"",""Wireless connection unchecked"",""Switch to wireless connection""]",2023-01-03T13:38:14,hta,,,,
BLACKBOARD,,Checking # of requests: CSA teaching required,2023-01-03T13:38:14,monitoring_agent,,,0,
DOMAIN,task_0006,Reevaluating task with current knowledge,2023-01-03T13:38:14,csa,,,,
DOMAIN,task_0006,Initiating task evaluation,2023-01-03T13:38:14,csa,,,,
DOMAIN,task_0006,Evaluated situations,2023-01-03T13:38:18,csa,2023-01-03T13:38:14,4.290,"[""Provider knowledge-base unchecked""]",
MANAGEMENT,task_0006,"Removing from blackboard: ha_help_required with details [""csa"",""task_0006""]",2023-01-03T13:38:18,hsa,,,,
MANAGEMENT,task_0006,Handed over task back to CA,2023-01-03T13:38:18,hsa,,,,
BLACKBOARD,,Checking # of requests: HA help required,2023-01-03T13:38:18,monitoring_agent,,,0,
DOMAIN,task_0006,Reevaluating task with current knowledge,2023-01-03T13:38:18,csa,,,,
DOMAIN,task_0006,Initiating task evaluation,2023-01-03T13:38:18,csa,,,,
DOMAIN,task_0006,Evaluated situations,2023-01-03T13:38:23,csa,2023-01-03T13:38:18,5.200,"[""Provider knowledge-base unchecked""]",
MANAGEMENT,task_0006,"Removing from blackboard: ha_help_required with details [""csa"",""task_0006""]",2023-01-03T13:38:23,hta,,,,
MANAGEMENT,task_0006,Handed over task back to CA,2023-01-03T13:38:23,hta,,,,
DOMAIN,task_0006,Initiating task evaluation,2023-01-03T13:38:23,csa,,,,
DOMAIN,task_0006,Evaluated situations,2023-01-03T13:38:27,csa,2023-01-03T13:38:22,4.940,"[""Provider knowledge-base unchecked""]",
MANAGEMENT,task_0006,Initiating operation: Check provider knowledge base,2023-01-03T13:38:27,csa,,,,
ENVIRONMENT,task_0006,New situation: Known software issue,2023-01-03T13:38:36,task.TaskArtifact,,,,
ENVIRONMENT,task_0006,New situation: Device update required,2023-01-03T13:38:36,task.TaskArtifact,,,,
DOMAIN,task_0006,Check provider knowledge base,2023-01-03T13:38:36,csa,2023-01-03T13:38:26,9.750,SUCCESS,1.000
DOMAIN,task_0006,Initiating task evaluation,2023-01-03T13:38:36,csa,,,,
DOMAIN,task_0006,Evaluated situations,2023-01-03T13:38:36,csa,2023-01-03T13:38:36,0.650,"[""Device update required""]",
MANAGEMENT,task_0006,Initiating operation: Trigger remote device update,2023-01-03T13:38:36,csa,,,,
MANAGEMENT,task_0006,"Removing from blackboard: ha_help_required with details [""csa"",""task_0006""]",2023-01-03T13:38:49,hsa,,,,
MANAGEMENT,,Starting break,2023-01-03T13:38:49,hsa,,,,
ENVIRONMENT,task_0006,New situation: No problem symptoms anymore,2023-01-03T13:48:37,task.TaskArtifact,,,,
DOMAIN,task_0006,Trigger remote device update,2023-01-03T13:48:37,csa,2023-01-03T13:38:36,600.860,SUCCESS,1.000
DOMAIN,task_0006,Initiating task evaluation,2023-01-03T13:48:37,csa,,,,
DOMAIN,task_0006,Evaluated situations,2023-01-03T13:48:37,csa,2023-01-03T13:48:37,0.520,"[""No problem symptoms anymore""]",
MANAGEMENT,task_0006,Initiating operation: Confirm successful closure,2023-01-03T13:48:37,csa,,,,
ENVIRONMENT,task_0006,Disposed: Customer modem software issue v2,2023-01-03T13:49:08,task.TaskArtifact,2023-01-03T13:20:30,1718.080,COMPLETED,0.925
DOMAIN,task_0006,Confirm successful closure,2023-01-03T13:49:08,csa,2023-01-03T13:48:37,30.940,SUCCESS,1.000
ENVIRONMENT,task_0007,New task: Provider setting issue,2023-01-03T15:00:00,task.TaskArtifact,,,,
ENVIRONMENT,task_0007,New situation: Client is unidentified,2023-01-03T15:00:00,task.TaskArtifact,,,,
MANAGEMENT,task_0007,Refocusing on task,2023-01-03T15:00:00,csa,,,,
DOMAIN,task_0007,Initiating task evaluation,2023-01-03T15:00:00,csa,,,,
DOMAIN,task_0007,Evaluated situations,2023-01-03T15:00:00,csa,2023-01-03T15:00:00,0.390,"[""Client is unidentified""]",
MANAGEMENT,task_0007,Initiating operation: Identify client,2023-01-03T15:00:00,csa,,,,
ENVIRONMENT,task_0008,New task: Customer modem software issue v2,2023-01-03T15:00:30,task.TaskArtifact,,,,
ENVIRONMENT,task_0008,New situation: Client is unidentified,2023-01-03T15:00:30,task.TaskArtifact,,,,
MANAGEMENT,task_0008,Refocusing on task,2023-01-03T15:00:30,csa,,,,
DOMAIN,task_0008,Initiating task evaluation,2023-01-03T15:00:31,csa,,,,
DOMAIN,task_0008,Evaluated situations,2023-01-03T15:00:31,csa,2023-01-03T15:00:30,0.910,"[""Client is unidentified""]",
MANAGEMENT,task_0008,Initiating operation: Identify client,2023-01-03T15:00:31,csa,,,,
ENVIRONMENT,task_0007,New situation: Client known,2023-01-03T15:00:45,task.TaskArtifact,,,,
ENVIRONMENT,task_0007,New situation: Affected service unknown,2023-01-03T15:00:45,task.TaskArtifact,,,,
DOMAIN,task_0007,Identify client,2023-01-03T15:00:45,csa,2023-01-03T15:00:00,45.500,SUCCESS,0.981
MANAGEMENT,task_0007,Refocusing on task,2023-01-03T15:00:45,csa,,,,
DOMAIN,task_0007,Initiating task evaluation,2023-01-03T15:00:46,csa,,,,
DOMAIN,task_0007,Evaluated situations,2023-01-03T15:00:47,csa,2023-01-03T15:00:45,2.080,"[""Affected service unknown""]",
MANAGEMENT,task_0007,Initiating operation: Identify affected service,2023-01-03T15:00:47,csa,,,,
ENVIRONMENT,task_0008,New situation: Client known,2023-01-03T15:01:16,task.TaskArtifact,,,,
ENVIRONMENT,task_0008,New situation: Affected service unknown,2023-01-03T15:01:16,task.TaskArtifact,,,,
DOMAIN,task_0008,Identify client,2023-01-03T15:01:16,csa,2023-01-03T15:00:31,45.630,SUCCESS,0.966
MANAGEMENT,task_0008,Refocusing on task,2023-01-03T15:01:16,csa,,,,
DOMAIN,task_0008,Initiating task evaluation,2023-01-03T15:01:16,csa,,,,
ENVIRONMENT,task_0007,New situation: Internet service affected,2023-01-03T15:01:17,task.TaskArtifact,,,,
ENVIRONMENT,task_0007,New situation: Customer-side device status unclear,2023-01-03T15:01:17,task.TaskArtifact,,,,
ENVIRONMENT,task_0007,New situation: Provider-side connection unchecked,2023-01-03T15:01:17,task.TaskArtifact,,,,
ENVIRONMENT,task_0007,New situation: Wireless connection unchecked,2023-01-03T15:01:17,task.TaskArtifact,,,,
DOMAIN,task_0008,Evaluated situations,2023-01-03T15:01:18,csa,2023-01-03T15:01:16,1.170,"[""Affected service unknown""]",
DOMAIN,task_0007,Identify affected service,2023-01-03T15:01:18,csa,2023-01-03T15:00:47,30.940,SUCCESS,0.995
MANAGEMENT,task_0008,Initiating operation: Identify affected service,2023-01-03T15:01:18,csa,,,,
MANAGEMENT,task_0007,Refocusing on task,2023-01-03T15:01:18,csa,,,,
DOMAIN,task_0007,Initiating task evaluation,2023-01-03T15:01:18,csa,,,,
DOMAIN,task_0007,Evaluated situations,2023-01-03T15:01:22,csa,2023-01-03T15:01:18,4.550,"[""Provider-side connection unchecked"",""Customer-side device status unclear""]",
MANAGEMENT,task_0007,Initiating operation: Check provider-side connection,2023-01-03T15:01:22,csa,,,,
MANAGEMENT,task_0007,Initiating operation: Ask customer status of network connection LED,2023-01-03T15:01:22,csa,,,,
ENVIRONMENT,task_0007,New situation: Provider-side connection OK,2023-01-03T15:01:33,task.TaskArtifact,,,,
DOMAIN,task_0007,Check provider-side connection,2023-01-03T15:01:33,csa,2023-01-03T15:01:21,11.440,SUCCESS,1.000
DOMAIN,task_0007,Initiating task evaluation,2023-01-03T15:01:33,csa,,,,
DOMAIN,task_0007,Evaluated situations,2023-01-03T15:01:35,csa,2023-01-03T15:01:33,2.470,"[""Customer-side device status unclear""]",
ENVIRONMENT,task_0008,New situation: Internet service affected,2023-01-03T15:01:53,task.TaskArtifact,,,,
ENVIRONMENT,task_0008,New situation: Customer-side device status unclear,2023-01-03T15:01:53,task.TaskArtifact,,,,
ENVIRONMENT,task_0008,New situation: Provider-side connection unchecked,2023-01-03T15:01:53,task.TaskArtifact,,,,
ENVIRONMENT,task_0008,New situation: Wireless connection unchecked,2023-01-03T15:01:53,task.TaskArtifact,,,,
DOMAIN,task_0008,Identify affected service,2023-01-03T15:01:53,csa,2023-01-03T15:01:21,31.720,SUCCESS,0.954
MANAGEMENT,task_0008,Refocusing on task,2023-01-03T15:01:53,csa,,,,
DOMAIN,task_0008,Initiating task evaluation,2023-01-03T15:01:53,csa,,,,
DOMAIN,task_0008,Evaluated situations,2023-01-03T15:01:58,csa,2023-01-03T15:01:53,4.680,"[""Provider-side connection unchecked"",""Customer-side device status unclear""]",
MANAGEMENT,task_0008,Initiating operation: Check provider-side connection,2023-01-03T15:01:58,csa,,,,
MANAGEMENT,task_0008,Initiating operation: Ask customer status of network connection LED,2023-01-03T15:01:58,csa,,,,
ENVIRONMENT,task_0008,New situation: Provider-side connection OK,2023-01-03T15:02:08,task.TaskArtifact,,,,
DOMAIN,task_0008,Check provider-side connection,2023-01-03T15:02:08,csa,2023-01-03T15:01:57,10.530,SUCCESS,1.000
DOMAIN,task_0008,Initiating task evaluation,2023-01-03T15:02:08,csa,,,,
DOMAIN,task_0008,Evaluated situations,2023-01-03T15:02:10,csa,2023-01-03T15:02:08,2.600,"[""Customer-side device status unclear""]",
DOMAIN,task_0007,Ask customer status of network connection LED,2023-01-03T15:02:22,csa,,,QUALITY BELOW MINIMUM OF 0.9,0.893
MANAGEMENT,task_0007,Refocusing on task,2023-01-03T15:02:22,csa,,,,
DOMAIN,task_0007,Initiating task evaluation,2023-01-03T15:02:23,csa,,,,
DOMAIN,task_0007,Evaluated situations,2023-01-03T15:02:25,csa,2023-01-03T15:02:23,2.210,"[""Customer-side device status unclear""]",
MANAGEMENT,task_0007,Initiating operation: Ask customer status of network connection LED,2023-01-03T15:02:25,csa,,,,
DOMAIN,task_0008,Ask customer status of network connection LED,2023-01-03T15:02:58,csa,,,QUALITY BELOW MINIMUM OF 0.9,0.885
MANAGEMENT,task_0008,Refocusing on task,2023-01-03T15:02:59,csa,,,,
DOMAIN,task_0008,Initiating task evaluation,2023-01-03T15:02:59,csa,,,,
DOMAIN,task_0008,Evaluated situations,2023-01-03T15:03:01,csa,2023-01-03T15:02:58,2.730,"[""Customer-side device status unclear""]",
MANAGEMENT,task_0008,Initiating operation: Ask customer status of network connection LED,2023-01-03T15:03:01,csa,,,,
ENVIRONMENT,task_0007,New situation: Network connection LED is yellow,2023-01-03T15:03:25,task.TaskArtifact,,,,
DOMAIN,task_0007,Ask customer status of network connection LED,2023-01-03T15:03:25,csa,2023-01-03T15:02:24,60.580,SUCCESS,0.906
MANAGEMENT,task_0007,Refocusing on task,2023-01-03T15:03:25,csa,,,,
MANAGEMENT,task_0007,"Adding to blackboard: ha_help_required with details [csa,""task_0007""]",2023-01-03T15:03:25,csa,,,,
BLACKBOARD,,Checking # of requests: HA help required,2023-01-03T15:03:25,monitoring_agent,,,1,
MANAGEMENT,,Waiting time,2023-01-03T15:03:26,hsa,2023-01-03T13:38:49,5076.370,,
MANAGEMENT,task_0007,Refocusing on task,2023-01-03T15:03:26,hsa,,,,
MANAGEMENT,task_0007,Initiating operation: Switch to wireless connection,2023-01-03T15:03:46,hsa,,,,
ENVIRONMENT,task_0008,New situation: Network connection LED is yellow,2023-01-03T15:04:02,task.TaskArtifact,,,,
DOMAIN,task_0008,Ask customer status of network connection LED,2023-01-03T15:04:02,csa,2023-01-03T15:03:00,61.360,SUCCESS,0.966
MANAGEMENT,task_0008,Refocusing on task,2023-01-03T15:04:02,csa,,,,
MANAGEMENT,task_0008,"Adding to blackboard: ha_help_required with details [csa,""task_0008""]",2023-01-03T15:04:02,csa,,,,
BLACKBOARD,,Checking # of requests: HA help required,2023-01-03T15:04:02,monitoring_agent,,,2,
ENVIRONMENT,task_0007,New situation: Wireless non-functional,2023-01-03T15:18:46,task.TaskArtifact,,,,
ENVIRONMENT,task_0007,New situation: Extended initial discovery completed,2023-01-03T15:18:46,task.TaskArtifact,,,,
ENVIRONMENT,task_0007,New situation: Provider knowledge-base unchecked,2023-01-03T15:18:46,task.TaskArtifact,,,,
DOMAIN,task_0007,Switch to wireless connection,2023-01-03T15:18:46,hsa,2023-01-03T15:03:46,900.640,SUCCESS,1.000
MANAGEMENT,,"Adding to blackboard: csa_teaching_required with details [""csa"",""Wireless connection unchecked"",""Switch to wireless connection""]",2023-01-03T15:18:47,hsa,,,,
BLACKBOARD,,Checking # of requests: CSA teaching required,2023-01-03T15:18:47,monitoring_agent,,,1,
MANAGEMENT,,Unable to teach csa new situation (Wireless connection unchecked),2023-01-03T15:18:47,hta,,,,
MANAGEMENT,,"Removing from blackboard: csa_teaching_required with details [""csa"",""Wireless connection unchecked"",""Switch to wireless connection""]",2023-01-03T15:18:47,hta,,,,
MANAGEMENT,task_0007,Refocusing on task,2023-01-03T15:18:47,csa,,,,
BLACKBOARD,,Checking # of requests: CSA teaching required,2023-01-03T15:18:47,monitoring_agent,,,0,
DOMAIN,task_0007,Reevaluating task with current knowledge,2023-01-03T15:18:47,csa,,,,
DOMAIN,task_0007,Initiating task evaluation,2023-01-03T15:18:47,csa,,,,
DOMAIN,task_0007,Evaluated situations,2023-01-03T15:18:51,csa,2023-01-03T15:18:47,4.290,"[""Provider knowledge-base unchecked""]",
MANAGEMENT,task_0007,"Removing from blackboard: ha_help_required with details [""csa"",""task_0007""]",2023-01-03T15:18:51,hsa,,,,
MANAGEMENT,task_0007,Handed over task back to CA,2023-01-03T15:18:51,hsa,,,,
BLACKBOARD,,Checking # of requests: HA help required,2023-01-03T15:18:51,monitoring_agent,,,1,
MANAGEMENT,task_0008,Refocusing on task,2023-01-03T15:18:51,csa,,,,
DOMAIN,task_0008,Reevaluating task with current knowledge,2023-01-03T15:18:51,csa,,,,
MANAGEMENT,task_0008,CA not able to take task back,2023-01-03T15:18:51,hta,,,,
MANAGEMENT,task_0007,Refocusing on task,2023-01-03T15:18:52,csa,,,,
DOMAIN,task_0007,Initiating task evaluation,2023-01-03T15:18:52,csa,,,,
DOMAIN,task_0007,Evaluated situations,2023-01-03T15:18:56,csa,2023-01-03T15:18:52,4.420,"[""Provider knowledge-base unchecked""]",
DOMAIN,task_0007,Reevaluating task with current knowledge,2023-01-03T15:18:56,csa,,,,
DOMAIN,task_0007,Initiating task evaluation,2023-01-03T15:18:56,csa,,,,
DOMAIN,task_0007,Evaluated situations,2023-01-03T15:19:01,csa,2023-01-03T15:18:56,4.810,"[""Provider knowledge-base unchecked""]",
MANAGEMENT,task_0007,Initiating operation: Check provider knowledge base,2023-01-03T15:19:01,csa,,,,
MANAGEMENT,task_0007,"Removing from blackboard: ha_help_required with details [""csa"",""task_0007""]",2023-01-03T15:19:01,hta,,,,
MANAGEMENT,task_0007,Handed over task back to CA,2023-01-03T15:19:01,hta,,,,
ENVIRONMENT,task_0007,New situation: Provider-side setting issue,2023-01-03T15:19:09,task.TaskArtifact,,,,
ENVIRONMENT,task_0007,New situation: Wrong provider-side setting X,2023-01-03T15:19:09,task.TaskArtifact,,,,
DOMAIN,task_0007,Check provider knowledge base,2023-01-03T15:19:09,csa,2023-01-03T15:19:00,8.970,SUCCESS,1.000
DOMAIN,task_0007,Initiating task evaluation,2023-01-03T15:19:10,csa,,,,
MANAGEMENT,task_0007,"Removing from blackboard: ha_help_required with details [""csa"",""task_0007""]",2023-01-03T15:19:12,hsa,,,,
MANAGEMENT,,Starting break,2023-01-03T15:19:12,hsa,,,,
MANAGEMENT,,Waiting time,2023-01-03T15:19:12,hsa,2023-01-03T15:19:11,0.260,,
MANAGEMENT,task_0008,Refocusing on task,2023-01-03T15:19:12,hsa,,,,
DOMAIN,task_0007,Evaluated situations,2023-01-03T15:19:12,csa,2023-01-03T15:19:09,3.120,"[""Wrong provider-side setting X""]",
MANAGEMENT,task_0007,Initiating operation: Change setting X on provider side,2023-01-03T15:19:12,csa,,,,
MANAGEMENT,task_0008,Initiating operation: Switch to wireless connection,2023-01-03T15:19:32,hsa,,,,
ENVIRONMENT,task_0007,New situation: Fixed provider-side setting,2023-01-03T15:19:58,task.TaskArtifact,,,,
ENVIRONMENT,task_0007,New situation: No problem symptoms anymore,2023-01-03T15:19:58,task.TaskArtifact,,,,
DOMAIN,task_0007,Change setting X on provider side,2023-01-03T15:19:58,csa,2023-01-03T15:19:11,46.670,SUCCESS,1.000
DOMAIN,task_0007,Initiating task evaluation,2023-01-03T15:19:58,csa,,,,
DOMAIN,task_0007,Evaluated situations,2023-01-03T15:19:58,csa,2023-01-03T15:19:58,0.130,"[""No problem symptoms anymore""]",
MANAGEMENT,task_0007,Initiating operation: Confirm successful closure,2023-01-03T15:19:59,csa,,,,
ENVIRONMENT,task_0009,New task: Customer modem software issue v2,2023-01-03T15:20:00,task.TaskArtifact,,,,
ENVIRONMENT,task_0009,New situation: Client is unidentified,2023-01-03T15:20:00,task.TaskArtifact,,,,
MANAGEMENT,task_0009,Refocusing on task,2023-01-03T15:20:00,csa,,,,
DOMAIN,task_0009,Initiating task evaluation,2023-01-03T15:20:00,csa,,,,
DOMAIN,task_0009,Evaluated situations,2023-01-03T15:20:00,csa,2023-01-03T15:19:59,0.650,"[""Client is unidentified""]",
MANAGEMENT,task_0009,Initiating operation: Identify client,2023-01-03T15:20:00,csa,,,,
ENVIRONMENT,task_0007,Disposed: Provider setting issue,2023-01-03T15:20:29,task.TaskArtifact,2023-01-03T15:00:00,1229.020,COMPLETED,0.789
DOMAIN,task_0007,Confirm successful closure,2023-01-03T15:20:29,csa,2023-01-03T15:19:58,30.680,SUCCESS,1.000
ENVIRONMENT,task_0009,New situation: Client known,2023-01-03T15:20:46,task.TaskArtifact,,,,
ENVIRONMENT,task_0009,New situation: Affected service unknown,2023-01-03T15:20:46,task.TaskArtifact,,,,
DOMAIN,task_0009,Identify client,2023-01-03T15:20:46,csa,2023-01-03T15:19:59,46.800,SUCCESS,0.995
DOMAIN,task_0009,Initiating task evaluation,2023-01-03T15:20:46,csa,,,,
DOMAIN,task_0009,Evaluated situations,2023-01-03T15:20:47,csa,2023-01-03T15:20:46,1.430,"[""Affected service unknown""]",
MANAGEMENT,task_0009,Initiating operation: Identify affected service,2023-01-03T15:20:47,csa,,,,
DOMAIN,task_0009,Identify affected service,2023-01-03T15:21:18,csa,2023-01-03T15:20:47,31.330,QUALITY BELOW MINIMUM OF 0.95,0.949
DOMAIN,task_0009,Initiating task evaluation,2023-01-03T15:21:18,csa,,,,
DOMAIN,task_0009,Evaluated situations,2023-01-03T15:21:19,csa,2023-01-03T15:21:17,1.950,"[""Affected service unknown""]",
MANAGEMENT,task_0009,Initiating operation: Identify affected service,2023-01-03T15:21:19,csa,,,,
DOMAIN,task_0009,Identify affected service,2023-01-03T15:21:50,csa,2023-01-03T15:21:19,30.680,QUALITY BELOW MINIMUM OF 0.95,0.949
DOMAIN,task_0009,Initiating task evaluation,2023-01-03T15:21:50,csa,,,,
DOMAIN,task_0009,Evaluated situations,2023-01-03T15:21:51,csa,2023-01-03T15:21:50,1.430,"[""Affected service unknown""]",
MANAGEMENT,task_0009,Initiating operation: Identify affected service,2023-01-03T15:21:51,csa,,,,
ENVIRONMENT,task_0009,Situation timeout: Affected service unknown,2023-01-03T15:22:16,task.TaskArtifact,,,,
ENVIRONMENT,task_0009,Disposed: Customer modem software issue v2,2023-01-03T15:22:16,task.TaskArtifact,2023-01-03T15:20:00,136.630,TIMEOUT,0.870
DOMAIN,task_0009,Identify affected service,2023-01-03T15:22:17,csa,2023-01-03T15:21:51,26.000,FAILED (TIMEOUT),
ENVIRONMENT,task_0008,New situation: Wireless connection OK,2023-01-03T15:34:32,task.TaskArtifact,,,,
ENVIRONMENT,task_0008,New situation: Extended initial discovery completed,2023-01-03T15:34:32,task.TaskArtifact,,,,
ENVIRONMENT,task_0008,New situation: Provider knowledge-base unchecked,2023-01-03T15:34:32,task.TaskArtifact,,,,
DOMAIN,task_0008,Switch to wireless connection,2023-01-03T15:34:32,hsa,2023-01-03T15:19:32,900.250,SUCCESS,1.000
MANAGEMENT,,"Adding to blackboard: csa_teaching_required with details [""csa"",""Wireless connection unchecked"",""Switch to wireless connection""]",2023-01-03T15:34:32,hsa,,,,
BLACKBOARD,,Checking # of requests: CSA teaching required,2023-01-03T15:34:32,monitoring_agent,,,1,
MANAGEMENT,,Unable to teach csa new situation (Wireless connection unchecked),2023-01-03T15:34:33,hta,,,,
MANAGEMENT,task_0008,Refocusing on task,2023-01-03T15:34:33,csa,,,,
MANAGEMENT,,"Removing from blackboard: csa_teaching_required with details [""csa"",""Wireless connection unchecked"",""Switch to wireless connection""]",2023-01-03T15:34:33,hta,,,,
BLACKBOARD,,Checking # of requests: CSA teaching required,2023-01-03T15:34:33,monitoring_agent,,,0,
DOMAIN,task_0008,Reevaluating task with current knowledge,2023-01-03T15:34:33,csa,,,,
DOMAIN,task_0008,Initiating task evaluation,2023-01-03T15:34:33,csa,,,,
DOMAIN,task_0008,Evaluated situations,2023-01-03T15:34:37,csa,2023-01-03T15:34:33,4.290,"[""Provider knowledge-base unchecked""]",
MANAGEMENT,task_0008,"Removing from blackboard: ha_help_required with details [""csa"",""task_0008""]",2023-01-03T15:34:37,hsa,,,,
MANAGEMENT,task_0008,Handed over task back to CA,2023-01-03T15:34:37,hsa,,,,
BLACKBOARD,,Checking # of requests: HA help required,2023-01-03T15:34:37,monitoring_agent,,,0,
DOMAIN,task_0008,Reevaluating task with current knowledge,2023-01-03T15:34:37,csa,,,,
DOMAIN,task_0008,Initiating task evaluation,2023-01-03T15:34:37,csa,,,,
DOMAIN,task_0008,Evaluated situations,2023-01-03T15:34:41,csa,2023-01-03T15:34:37,4.550,"[""Provider knowledge-base unchecked""]",
MANAGEMENT,task_0008,"Removing from blackboard: ha_help_required with details [""csa"",""task_0008""]",2023-01-03T15:34:41,hta,,,,
MANAGEMENT,task_0008,Handed over task back to CA,2023-01-03T15:34:41,hta,,,,
DOMAIN,task_0008,Initiating task evaluation,2023-01-03T15:34:41,csa,,,,
DOMAIN,task_0008,Evaluated situations,2023-01-03T15:34:46,csa,2023-01-03T15:34:41,4.550,"[""Provider knowledge-base unchecked""]",
MANAGEMENT,task_0008,Initiating operation: Check provider knowledge base,2023-01-03T15:34:46,csa,,,,
MANAGEMENT,task_0008,"Removing from blackboard: ha_help_required with details [""csa"",""task_0008""]",2023-01-03T15:34:54,hsa,,,,
MANAGEMENT,,Starting break,2023-01-03T15:34:54,hsa,,,,
ENVIRONMENT,task_0008,New situation: Known software issue,2023-01-03T15:34:54,task.TaskArtifact,,,,
ENVIRONMENT,task_0008,New situation: Device update required,2023-01-03T15:34:54,task.TaskArtifact,,,,
DOMAIN,task_0008,Check provider knowledge base,2023-01-03T15:34:54,csa,2023-01-03T15:34:46,8.320,SUCCESS,1.000
DOMAIN,task_0008,Initiating task evaluation,2023-01-03T15:34:54,csa,,,,
DOMAIN,task_0008,Evaluated situations,2023-01-03T15:34:54,csa,2023-01-03T15:34:54,0.520,"[""Device update required""]",
MANAGEMENT,task_0008,Initiating operation: Trigger remote device update,2023-01-03T15:34:54,csa,,,,
ENVIRONMENT,task_0008,New situation: No problem symptoms anymore,2023-01-03T15:44:55,task.TaskArtifact,,,,
DOMAIN,task_0008,Trigger remote device update,2023-01-03T15:44:55,csa,2023-01-03T15:34:54,600.990,SUCCESS,1.000
DOMAIN,task_0008,Initiating task evaluation,2023-01-03T15:44:55,csa,,,,
DOMAIN,task_0008,Evaluated situations,2023-01-03T15:44:55,csa,2023-01-03T15:44:55,0.390,"[""No problem symptoms anymore""]",
MANAGEMENT,task_0008,Initiating operation: Confirm successful closure,2023-01-03T15:44:55,csa,,,,
ENVIRONMENT,task_0008,Disposed: Customer modem software issue v2,2023-01-03T15:45:25,task.TaskArtifact,2023-01-03T15:00:30,2695.030,COMPLETED,0.789
DOMAIN,task_0008,Confirm successful closure,2023-01-03T15:45:25,csa,2023-01-03T15:44:55,30.810,SUCCESS,1.000
